{"cameraMode":{"drawMode":0,"name":"Shaded","section":"Shading Mode"},"sceneLighting":false,"audioPlay":false,"sceneViewState":{"showFog":true,"showMaterialUpdate":false,"showSkybox":false,"showFlares":true,"showImageEffects":true,"showParticleSystems":true,"showVisualEffectGraphs":true,"m_FxEnabled":true},"in2DMode":false,"pivot":{"x":-3.185420274734497,"y":2.76198673248291,"z":-17.338579177856447},"rotation":{"x":-0.0015978474402800203,"y":0.9939762353897095,"z":-0.10867223143577576,"w":-0.014616666361689568},"size":15.351600646972657,"orthographic":false}