{"cameraMode":{"drawMode":0,"name":"Shaded","section":"Shading Mode"},"sceneLighting":false,"audioPlay":false,"sceneViewState":{"showFog":true,"showMaterialUpdate":false,"showSkybox":false,"showFlares":true,"showImageEffects":true,"showParticleSystems":true,"showVisualEffectGraphs":true,"m_FxEnabled":true},"in2DMode":false,"pivot":{"x":-1.1175200939178467,"y":3.979536294937134,"z":-0.1770792007446289},"rotation":{"x":-0.0006008096970617771,"y":0.053974371403455737,"z":0.00003294052658020519,"w":0.9985491037368774},"size":1.9012491703033448,"orthographic":false}