{"cameraMode":{"drawMode":0,"name":"Shaded","section":"Shading Mode"},"sceneLighting":false,"audioPlay":false,"sceneViewState":{"showFog":true,"showMaterialUpdate":false,"showSkybox":false,"showFlares":true,"showImageEffects":true,"showParticleSystems":true,"showVisualEffectGraphs":true,"m_FxEnabled":true},"in2DMode":false,"pivot":{"x":1.791585922241211,"y":1.0724217891693116,"z":4.548623085021973},"rotation":{"x":-0.014730384573340416,"y":-0.9550965428352356,"z":0.04817558079957962,"w":-0.29200026392936709},"size":4.9781365394592289,"orthographic":false}