{"cameraMode":{"drawMode":0,"name":"Shaded","section":"Shading Mode"},"sceneLighting":true,"audioPlay":false,"sceneViewState":{"showFog":true,"showMaterialUpdate":false,"showSkybox":true,"showFlares":true,"showImageEffects":true,"showParticleSystems":true,"showVisualEffectGraphs":true,"m_FxEnabled":true},"in2DMode":false,"pivot":{"x":3.958435535430908,"y":2.8285889625549318,"z":53.517032623291019},"rotation":{"x":0.03450148180127144,"y":0.8851913213729858,"z":-0.06651391088962555,"w":0.45915549993515017},"size":0.105807363986969,"orthographic":false}