{"cameraMode":{"drawMode":0,"name":"Shaded","section":"Shading Mode"},"sceneLighting":false,"audioPlay":false,"sceneViewState":{"showFog":true,"showMaterialUpdate":false,"showSkybox":false,"showFlares":true,"showImageEffects":true,"showParticleSystems":true,"showVisualEffectGraphs":true,"m_FxEnabled":true},"in2DMode":false,"pivot":{"x":-2.061995506286621,"y":-7.49448299407959,"z":18.830060958862306},"rotation":{"x":0.24988749623298646,"y":-0.049357157200574878,"z":0.012754431925714016,"w":0.9669380187988281},"size":12.512824058532715,"orthographic":false}