{"cameraMode":{"drawMode":0,"name":"Shaded","section":"Shading Mode"},"sceneLighting":false,"audioPlay":false,"sceneViewState":{"showFog":true,"showMaterialUpdate":false,"showSkybox":false,"showFlares":true,"showImageEffects":true,"showParticleSystems":true,"showVisualEffectGraphs":true,"m_FxEnabled":true},"in2DMode":false,"pivot":{"x":2.8200438022613527,"y":2.0114409923553469,"z":0.7431681156158447},"rotation":{"x":-0.03423961624503136,"y":-0.8634534478187561,"z":0.05915014073252678,"w":-0.49978840351104739},"size":10.529747009277344,"orthographic":false}