{"cameraMode":{"drawMode":0,"name":"Shaded","section":"Shading Mode"},"sceneLighting":false,"audioPlay":false,"sceneViewState":{"showFog":true,"showMaterialUpdate":false,"showSkybox":false,"showFlares":true,"showImageEffects":true,"showParticleSystems":true,"showVisualEffectGraphs":true,"m_FxEnabled":true},"in2DMode":false,"pivot":{"x":0.14999961853027345,"y":2.590000629425049,"z":12.869998931884766},"rotation":{"x":0.17146307229995728,"y":0.20955651998519898,"z":-0.037352707237005237,"w":0.9619212746620178},"size":4.163363933563232,"orthographic":false}