{"cameraMode":{"drawMode":0,"name":"Shaded","section":"Shading Mode"},"sceneLighting":false,"audioPlay":false,"sceneViewState":{"showFog":true,"showMaterialUpdate":false,"showSkybox":false,"showFlares":true,"showImageEffects":true,"showParticleSystems":true,"showVisualEffectGraphs":true,"m_FxEnabled":true},"in2DMode":false,"pivot":{"x":0.27888673543930056,"y":9.902256965637207,"z":-87.64276885986328},"rotation":{"x":0.0000018343072269999539,"y":1.0000029802322388,"z":0.0006020706496201456,"w":-0.0008893236517906189},"size":17.755184173583986,"orthographic":false}