{"cameraMode":{"drawMode":0,"name":"Shaded","section":"Shading Mode"},"sceneLighting":false,"audioPlay":false,"sceneViewState":{"showFog":true,"showMaterialUpdate":false,"showSkybox":false,"showFlares":true,"showImageEffects":true,"showParticleSystems":true,"showVisualEffectGraphs":true,"m_FxEnabled":true},"in2DMode":false,"pivot":{"x":1.3442409038543702,"y":-1.0133934020996094,"z":-87.54036712646485},"rotation":{"x":0.00780419772490859,"y":0.9832630753517151,"z":-0.17678947746753694,"w":0.04340038076043129},"size":13.382058143615723,"orthographic":false}