{"cameraMode":{"drawMode":0,"name":"Shaded","section":"Shading Mode"},"sceneLighting":false,"audioPlay":false,"sceneViewState":{"showFog":true,"showMaterialUpdate":false,"showSkybox":false,"showFlares":true,"showImageEffects":true,"showParticleSystems":true,"showVisualEffectGraphs":true,"m_FxEnabled":true},"in2DMode":false,"pivot":{"x":-1.7990221977233887,"y":7.136342525482178,"z":6.675632476806641},"rotation":{"x":-0.000725249235983938,"y":0.9983294606208801,"z":-0.012877237051725388,"w":-0.056354038417339328},"size":5.345805644989014,"orthographic":false}