{"cameraMode":{"drawMode":0,"name":"Shaded","section":"Shading Mode"},"sceneLighting":false,"audioPlay":false,"sceneViewState":{"showFog":true,"showMaterialUpdate":false,"showSkybox":false,"showFlares":true,"showImageEffects":true,"showParticleSystems":true,"showVisualEffectGraphs":true,"m_FxEnabled":true},"in2DMode":false,"pivot":{"x":-1.3646959066390992,"y":0.16447927057743073,"z":0.9653873443603516},"rotation":{"x":-0.016319017857313157,"y":0.7549338340759277,"z":-0.018801093101501466,"w":-0.6553328633308411},"size":1.0529067516326905,"orthographic":false}