{"cameraMode":{"drawMode":0,"name":"Shaded","section":"Shading Mode"},"sceneLighting":false,"audioPlay":false,"sceneViewState":{"showFog":true,"showMaterialUpdate":false,"showSkybox":false,"showFlares":true,"showImageEffects":true,"showParticleSystems":true,"showVisualEffectGraphs":true,"m_FxEnabled":true},"in2DMode":false,"pivot":{"x":85.54545593261719,"y":127.1478271484375,"z":53.886871337890628},"rotation":{"x":0.026395509019494058,"y":-0.001499909907579422,"z":0.000039126633055275306,"w":0.9996557235717773},"size":224.25198364257813,"orthographic":false}